Digital_Transformation_Metric,Value
R,0.8440425469785655
R²,0.712407821110064
