Digital_Payments_Metric,Value
R,0.9161804570652581
R²,0.8393866299083053
