EGOV_Metric,Value
R,0.859542586820312
R²,0.7388134585577537
