Internet_Penetration_Metric,Value
R,0.6344745449186395
R²,0.40255794814971474
